Remote Direction_PSI_1,Image Name_PSI_1,Memory Usage_PSI_1,Remote Direction_PSI_2,Image Name_PSI_2,Memory Usage_PSI_2,Remote Direction_CHI_1,Image Name_CHI_1,Memory Usage_CHI_1,Remote Direction_CHI_2,Image Name_CHI_2,Memory Usage_CHI_2,TARGET
2.255758015361863,0.16566761322614382,7.08975839175405,4.3715132065602305,2.306636932082097,7.277826561728983,36.33710995605354,2.8612579140610874,41.39057071838716,42.26896433447972,59.50711499462642,41.57018075994571,1.0
1.9621201992675013,0.12031491791595712,7.053343676083424,4.17453120272584,2.328433926450462,7.530999650560524,30.664179792521015,1.4661350174960166,40.80338982805301,38.18401939793651,61.58476137003828,42.471573957854545,1.0
2.611957018993703,0.12561166811245575,7.196869541724677,4.251042493001357,2.339714754820711,7.543255843089716,54.77801932634083,1.4493521998812873,42.66933515757409,46.659293308894554,61.09480304929188,43.58286579660499,1.0
2.770529402056606,0.13988363978295737,7.0170696748347785,4.235008351403787,2.3498174280365176,7.450522082687835,54.46652152361344,1.487045328585084,42.13114915071169,46.593919052936506,62.12444424420525,43.625441817908225,1.0
1.9853501956066917,0.0906346804314464,7.02980501044802,4.431992333729742,2.4216527389035822,7.2463648211027305,31.848733278266128,1.0986935957342128,41.19587196976648,37.6717806932105,80.52693519178062,41.562404656580156,1.0
2.3303468958097486,0.12091109802252754,6.97325206041326,4.164295359367053,2.2995194461679267,7.362911917277184,32.9631072917966,1.4189169131070642,41.40712526193013,36.35770097095476,59.49720730424536,42.65872452478316,1.0
1.6151268703574206,0.05119235849223357,5.868280554021927,4.3957553127244795,2.3825011007226258,7.463484472887832,55.32266599015861,0.20219518286154203,34.80728738872526,66.22606463517188,70.97980723951311,44.048578675984196,1.0
1.4998351202742057,0.053350425663703155,5.899753855528177,3.855933047090052,2.416219043517588,7.348137923577849,42.741375474377335,0.19823216990924206,35.677739021093466,48.6726117071197,82.45106806426952,43.45615851197057,1.0
1.213824793026146,0.03732401407655053,6.1852212122854695,3.7804124559227685,2.4543658996242805,7.417656808037401,24.43585816467925,0.013207740062230213,36.88488701037036,31.264221484065448,83.93072343649834,43.45254307240748,1.0
1.341003076970693,0.14111410799072316,6.877615762237748,4.21708187741624,2.391862057171221,7.295447151166338,26.760374355331436,1.4281237330904784,39.22446188062252,39.76839152370831,66.10886003067215,40.653825540311686,1.0
2.0340329531140564,0.08853382609079317,6.993787430531682,4.6192744702903745,2.375740553666451,7.3156664618960745,54.39091007657643,1.0872255832905078,40.837084737788125,62.44530877892421,72.96405563648501,41.746493042716764,1.0
2.379454607472482,0.07310824022969373,7.018138095018425,4.521745887620325,2.4068200457643965,7.365885102040225,39.13702468923975,0.9496318668247088,40.962920702014145,43.772348438463865,69.44238071842629,42.48240396907686,1.0
1.0114865783775748,0.05119235849223357,5.9211160090112065,3.989517943948533,2.3825011007226258,7.445663530684011,14.104217964490358,0.20219518286154203,36.21001456588466,29.011526570278104,70.97980723951311,45.05758672373842,1.0
1.9901739389150677,0.10383651537048869,6.932278053143191,4.672580769396923,2.3683883836014963,7.392767681493076,51.27144682723447,1.2744936708324506,40.646550362489265,59.742345995249984,67.22779166062615,42.29760554749824,1.0
2.1983314572801023,0.10381644623228886,6.941532187496098,4.599043806031157,2.3110832526950293,7.423075184488644,51.951526699958364,1.243065409664643,40.14119917529124,60.22101879387782,65.3362618672658,42.286641187567895,1.0
2.1112946930848704,0.08941081529257792,6.941951839020914,4.53989824963667,2.395370075973033,7.2931168432673665,35.165508914164135,1.1065370226086957,41.198490319848844,40.96916223043168,74.24307164486598,42.30766975254262,1.0
2.9407767380401695,0.10348308635462321,6.990443871862663,4.713213997914363,2.2998085446459524,7.368784470072793,63.7181972160475,1.2741205310653714,41.21256101928506,66.71913079088921,60.8692115692392,42.86321646399027,1.0
0.9066157157103946,0.09151250592353577,4.848816198285002,4.013394943460607,2.338112638456216,7.322472931839197,11.320208876998272,0.9558722421952143,28.240854418757674,51.08231942160775,68.5008842584813,41.904034690433186,1.0
1.0968126188716891,0.09042146182528478,6.148790138324936,4.181649048005609,2.4510061687675457,7.405141372431159,22.451352302282665,0.9466804418344106,36.28343788414891,40.41394706818995,75.56131304269623,42.867468351980435,1.0
2.2035378446087783,0.0946536905084375,7.023108714551399,4.260617989356144,2.435432953270341,7.299267722389719,29.698644847306163,1.085926869912751,39.746001091503665,33.083067227828664,86.32229162753707,40.82794682304571,1.0
3.6353027420152095,2.290165303141876,7.300750057154787,3.399928098491165,0.33856029346170646,7.458197817310573,81.95259907475169,15.446979911938485,49.00190305392759,50.96737828113728,2.798511372280093,49.00144937606211,1.0
4.203226720742419,2.314361348878717,7.339662341602112,4.357359455412039,0.31838662280864927,7.39689573923281,109.31509995705375,16.059777232653392,49.52013484966066,93.96626867279767,3.2758334747633073,48.25663987746387,1.0
3.8668807572375745,2.308482314293667,7.249578129072385,4.054480169512207,0.28082608758934163,7.546672659724491,118.9000279604216,15.45326093392747,48.50460801925868,107.88410687279232,2.295973356626497,50.03265040885677,1.0
3.3393311895582243,2.314184154615269,7.314330853132042,4.11577025941621,0.28595169751935134,7.59436163986474,91.15128203572675,15.674412033105861,49.763506324989265,79.04359091151676,2.117009192226017,50.552846799678385,1.0
3.4393846192192212,2.302276674163753,7.318723883839687,4.188413790547771,0.3057013005366278,7.449957338752106,93.22823570350452,15.579065012931645,50.85428673000001,81.7957019722575,2.1419525077270296,50.05191360902779,1.0
3.325309032310522,2.3070009227186428,7.324941489281962,3.79171262215676,0.270616956810823,7.3656021477366975,84.97531886207777,15.544532853772205,48.48964609189829,60.20092314241135,2.5078335063840655,47.73195668869761,1.0
3.3661857781772504,2.3061279443203713,7.226069413726965,3.644623400616066,0.30058108268670036,7.39719235396601,90.08655468255864,15.676378015035175,48.98827901753081,58.47707948262074,2.3681949209084596,49.772948045936005,1.0
3.4298926001770895,2.363721142875522,7.370957338741069,3.5882824808197062,0.382059153047657,7.376144957595414,80.20070501699026,18.931581060673192,49.51531768115107,57.97262434518528,6.286511664031459,48.51607385380946,1.0
3.420848633235983,1.7455606446177585,7.119140395428568,3.499974752991939,1.2264363148756112,7.265341138470655,76.53372852265485,11.537096742266975,44.255708602249825,50.558235386992955,219.63842969675784,44.25423773475325,1.0
2.991580211519809,0.4531032064564179,7.229968453292352,4.121738306631465,2.285664569039389,7.35612374274038,60.8341280577457,3.7035704745965377,44.25058527102026,55.61398678805119,52.78586772637522,44.05720105765291,1.0
3.729405615718217,0.39749855780994675,7.255275461643687,4.466088841425351,2.358794972465039,7.353843041721724,89.1320808013819,3.325405376902781,42.28958417542544,80.98071497299824,67.8025525580563,41.92253171560501,1.0
4.100989660670287,0.3970172187684177,7.196555945720511,4.836852807168128,2.2187224147670324,7.310809386143092,87.3772617858386,3.3251093128457323,41.724792507221245,76.44993244096236,50.06287503837517,41.359157066777,1.0
4.4726627252589735,0.39976359934397343,7.296539397776756,4.856402200113901,2.310050095750568,7.39875234924895,103.29191113254969,3.20435431873075,42.85577463544458,88.96396189834556,51.14370638204215,42.482834587745295,1.0
4.161742282810808,0.38248680674520597,7.3001037060313765,4.970323185759633,2.292284700479964,7.471958186246266,87.06672453121331,3.2261779150266054,44.79957526885456,81.47789592800812,57.01429149313793,44.80323539251725,1.0
3.395522819018822,0.40024974523153867,7.315706467323387,4.836057100824873,2.3721854577871917,7.41791941879558,70.29846655353874,3.204655599675231,44.009675928150024,71.02349828945056,75.35200767182307,43.63673588045073,1.0
2.888865849962025,0.46194737840858113,7.25950802770402,4.0696219898366905,2.2910795544242415,7.357842393787565,42.657710991897225,3.7249328821727152,42.477876315386645,35.89196932137231,61.92055048930416,42.10754598012216,1.0
3.764889458230198,1.735384008647129,7.338629796881992,4.167411318671666,0.8662405428663649,7.509859921129955,67.61596119203716,12.84050555350347,46.171195692621396,59.67130858711236,74.59276937854315,46.17429068519871,0.0
3.3618082833070835,2.32776138924656,7.317240239949859,3.842140904976214,0.3079106113511082,7.621727426671206,95.60881611884409,16.078638045479636,50.5545755725225,78.07134357911922,2.2074667585433687,52.198412894032394,0.0
3.4066195924642826,2.3013564154890576,7.321477902795706,4.2453830284361285,0.30604192825228327,7.542506564155673,95.57257182363203,15.830326102877445,51.39682145222223,86.11828472314339,2.3987458514976336,52.45771283145835,0.0
3.814706878416249,2.2440656343837255,7.212618563880995,4.230982480323401,0.29464882193299097,7.442057506614992,96.70767386160215,15.128056345776526,47.49815543067047,86.71424383273849,2.73209963326069,47.99638572563272,0.0
3.936708478612357,0.25596134675208077,7.091045185904077,5.552585407553801,2.42995072264756,7.294877246185917,291.64432647539064,3.0600853306456055,41.38167849702714,306.84572325826366,61.97307776231667,41.199543726426654,0.0
4.4958934112211715,0.33780979945405004,7.198797767481733,6.316015617662666,2.407695266027767,7.423059644752012,995.6971990621996,2.9405457068320042,41.917711823520335,1013.7220938685289,57.1242385625389,42.106700200617,0.0
2.1335847729157607,0.3046603364520831,7.08851423014592,4.196312344356792,2.3110912855498973,7.349858214556838,28.827225399220396,3.097683470563508,41.18738080500721,69.10309643793994,50.737129830178425,41.739099755157966,0.0
2.5430160597636897,0.2721513506838079,7.029805010448019,4.252261921748679,2.3476920006474833,7.429368396590664,41.38725425052424,2.914576268137766,41.195871969766486,69.84874724658481,50.92093005290795,42.48140577022777,0.0
2.5013316816518056,0.3168492570447093,7.10364750722261,4.390157236251396,2.3070337854967327,7.476872868839317,39.43264770302355,3.02849014077142,41.91131723697349,72.11702602052033,46.744276610360934,43.053418938854854,0.0
3.0865959839930843,0.29812821487718744,7.135107834126775,4.974560134639155,2.3067365534663793,7.4010012210950755,113.49487502696981,2.971286841726499,42.11387224278395,140.04360292801448,46.11107309812817,42.67585340874997,0.0
2.321180517951834,0.3134105976294369,7.128745799841527,4.48023791028707,2.358464965938024,7.394639186809827,42.04342503727029,2.974377764028856,41.73259126225344,77.95360508755931,56.59264114118902,42.29457242821947,0.0
4.741008361391823,0.2789263693366692,7.1480115574244465,6.471240947504872,2.4052828894816503,7.416844662404459,996.1693313823154,2.8528415308870367,41.38229344661567,1010.7682124826945,51.266534524831656,41.9214844120547,0.0
4.616043280907165,0.2764353982918891,7.146489708931689,6.189930330592275,2.454885002962052,7.402395049716185,887.8779297171119,2.8039066950526164,40.840368786854455,900.140583448211,61.15719889430373,41.19716034453759,0.0
